{
  "Flow+AddCL": {
    "crps": 1.6414052151590586,
    "mae": 1.7195526028722525,
    "rmse": 2.774138369954798,
    "mass_violation": 7.047124207019806e-06,
    "ssim": 0.9101153100841419,
    "kl_divergence": 0.2506712734716526,
    "psd_log_ratio": 0.028556380494778877,
    "psd_k": [
      1.0,
      2.0,
      3.0,
      4.0,
      5.0,
      6.0,
      7.0,
      8.0,
      9.0,
      10.0,
      11.0,
      12.0,
      13.0,
      14.0,
      15.0,
      16.0,
      17.0,
      18.0,
      19.0,
      20.0,
      21.0,
      22.0,
      23.0,
      24.0,
      25.0,
      26.0,
      27.0,
      28.0,
      29.0,
      30.0,
      31.0,
      32.0
    ],
    "psd_power": [
      447946083.8195996,
      61085828.17995003,
      11985408.162246877,
      6024356.050112507,
      4078420.305400388,
      2089723.3061677741,
      1432667.045471289,
      844788.4992005862,
      435067.02692417003,
      420645.93211276876,
      270777.08798543725,
      251576.33630380878,
      160275.73614307263,
      141193.88648968493,
      138336.82036494146,
      89387.87941088565,
      85561.01148508895,
      79314.95681466979,
      69174.3367645112,
      66163.02066514587,
      46633.591625910994,
      46015.449210252395,
      40902.55192050779,
      39016.89891367182,
      32947.125428773514,
      37610.49096245419,
      39484.10443331305,
      34094.53154122772,
      35214.560726184114,
      27632.301602780124,
      30374.918159098852,
      15722.759611637108
    ],
    "psd_truth_power": [
      413829740.148,
      60442447.49125,
      10516373.74121875,
      5583814.918835937,
      3868318.672466797,
      2077599.1860458984,
      1547480.6662734374,
      906307.2874389648,
      477318.52216186526,
      451189.97435498046,
      291752.57952209475,
      269765.9675718994,
      172800.80107696532,
      152099.12739160156,
      147251.80337835694,
      93676.87547308349,
      90689.77308874512,
      84598.41243032838,
      73297.67685766601,
      69892.33496954346,
      49355.25665708923,
      47844.572529159545,
      43270.969762908935,
      40637.56333279419,
      34334.01483060455,
      35645.7281506424,
      35446.395571640016,
      29607.50059287262,
      31424.52184942627,
      26740.80935824585,
      27231.02658015442,
      15606.328875442505
    ],
    "ssr": 0.08780402858240864,
    "rank_histogram": [
      4589287,
      138260,
      85084,
      67574,
      60293,
      57526,
      59557,
      66148,
      81146,
      128248,
      2858877
    ],
    "inference_time_s": 295.43535256385803,
    "is_ensemble": true,
    "n_ensemble": 10
  },
  "CNN(none)": {
    "crps": 1.2975617605745793,
    "mae": 1.2975617605745793,
    "rmse": 1.984011246832896,
    "mass_violation": 1.126427571222186,
    "ssim": 0.9230993398300636,
    "kl_divergence": 0.20449109464803542,
    "psd_log_ratio": 0.0065140294092758955,
    "psd_k": [
      1.0,
      2.0,
      3.0,
      4.0,
      5.0,
      6.0,
      7.0,
      8.0,
      9.0,
      10.0,
      11.0,
      12.0,
      13.0,
      14.0,
      15.0,
      16.0,
      17.0,
      18.0,
      19.0,
      20.0,
      21.0,
      22.0,
      23.0,
      24.0,
      25.0,
      26.0,
      27.0,
      28.0,
      29.0,
      30.0,
      31.0,
      32.0
    ],
    "psd_power": [
      408863809.553,
      58001158.85775,
      10436121.8375625,
      5410903.919109375,
      3815901.803658203,
      2076767.0226376953,
      1524500.9217617188,
      904832.4879516602,
      467143.0548876953,
      442005.9720878906,
      287066.76001464843,
      264483.3727115478,
      167856.8668688965,
      148235.34260351563,
      146024.08566809082,
      92288.53841992187,
      89362.91396905518,
      82598.70458752441,
      71538.48922271728,
      69270.55414239502,
      48657.09265841675,
      47428.95978588867,
      43019.52523432922,
      40518.754968093876,
      34215.24048600769,
      35229.22418942261,
      35142.06206163025,
      29122.071177581787,
      30872.788077377318,
      26500.661443489076,
      27012.30066340637,
      15953.268620498657
    ],
    "psd_truth_power": [
      413829740.148,
      60442447.49125,
      10516373.74121875,
      5583814.918835937,
      3868318.672466797,
      2077599.1860458984,
      1547480.6662734374,
      906307.2874389648,
      477318.52216186526,
      451189.97435498046,
      291752.57952209475,
      269765.9675718994,
      172800.80107696532,
      152099.12739160156,
      147251.80337835694,
      93676.87547308349,
      90689.77308874512,
      84598.41243032838,
      73297.67685766601,
      69892.33496954346,
      49355.25665708923,
      47844.572529159545,
      43270.969762908935,
      40637.56333279419,
      34334.01483060455,
      35645.7281506424,
      35446.395571640016,
      29607.50059287262,
      31424.52184942627,
      26740.80935824585,
      27231.02658015442,
      15606.328875442505
    ],
    "inference_time_s": 0.16213059425354004,
    "is_ensemble": false
  },
  "CNN(softmax)": {
    "crps": 1.7232485721558333,
    "mae": 1.7232485721558333,
    "rmse": 2.778160590328959,
    "mass_violation": 4.507750272750854e-06,
    "ssim": 0.9113187024078016,
    "kl_divergence": 0.2557699881212728,
    "psd_log_ratio": 0.028278216378322285,
    "psd_k": [
      1.0,
      2.0,
      3.0,
      4.0,
      5.0,
      6.0,
      7.0,
      8.0,
      9.0,
      10.0,
      11.0,
      12.0,
      13.0,
      14.0,
      15.0,
      16.0,
      17.0,
      18.0,
      19.0,
      20.0,
      21.0,
      22.0,
      23.0,
      24.0,
      25.0,
      26.0,
      27.0,
      28.0,
      29.0,
      30.0,
      31.0,
      32.0
    ],
    "psd_power": [
      447936874.54,
      61082131.8255,
      11987995.5575,
      6025799.077007812,
      4078602.506216797,
      2089752.6685292968,
      1430506.8271655273,
      842692.8429204102,
      433950.75585571287,
      419757.0206557617,
      269963.669414917,
      251165.23558605957,
      160180.59517578126,
      140984.22300109864,
      138277.4833088379,
      89107.26495376587,
      85120.14121060181,
      78986.93277236939,
      68786.99802554322,
      65951.7025871582,
      46654.733685928346,
      45920.27121113586,
      40982.42907521057,
      39244.63349745178,
      32964.106249832155,
      37104.3095486145,
      38877.74233175659,
      33496.9382681427,
      34668.70248217774,
      27415.96773526001,
      30515.59015434265,
      15947.80527897644
    ],
    "psd_truth_power": [
      413829740.148,
      60442447.49125,
      10516373.74121875,
      5583814.918835937,
      3868318.672466797,
      2077599.1860458984,
      1547480.6662734374,
      906307.2874389648,
      477318.52216186526,
      451189.97435498046,
      291752.57952209475,
      269765.9675718994,
      172800.80107696532,
      152099.12739160156,
      147251.80337835694,
      93676.87547308349,
      90689.77308874512,
      84598.41243032838,
      73297.67685766601,
      69892.33496954346,
      49355.25665708923,
      47844.572529159545,
      43270.969762908935,
      40637.56333279419,
      34334.01483060455,
      35645.7281506424,
      35446.395571640016,
      29607.50059287262,
      31424.52184942627,
      26740.80935824585,
      27231.02658015442,
      15606.328875442505
    ],
    "inference_time_s": 0.15011239051818848,
    "is_ensemble": false
  },
  "GAN(softmax)": {
    "crps": 1.7616974472403526,
    "mae": 1.7817173053622246,
    "rmse": 2.8512221733858905,
    "mass_violation": 1.2674599885940551e-05,
    "ssim": 0.8750118893869101,
    "kl_divergence": 0.2666502921324073,
    "psd_log_ratio": 0.03623635928878016,