{
  "split": "test",
  "n_samples": 500,
  "n_ensemble": 10,
  "ode_steps": 10,
  "constraint": "addcl",
  "sampler": "midpoint",
  "results": {
    "bilinear": {
      "crps": 0.5190552573874593,
      "mae": 0.5190552573874593,
      "rmse": 0.9638957567867694,
      "mass_violation": 0.3202634982727468
    },
    "bilinear+addcl": {
      "crps": 0.39912390176579354,
      "mae": 0.39912390176579354,
      "rmse": 0.8039930361685991,
      "mass_violation": 1.426805931259878e-06
    },
    "bicubic": {
      "crps": 0.3939455929659307,
      "mae": 0.3939455929659307,
      "rmse": 0.7849459065630238,
      "mass_violation": 0.14924253835715354
    },
    "bicubic+addcl": {
      "crps": 0.3626417892202735,
      "mae": 0.3626417892202735,
      "rmse": 0.7407717317429958,
      "mass_violation": 1.4078527747187764e-06
    },
    "harder-cnn": {
      "crps": 0.3129184155985713,
      "mae": 0.3129184155985713,
      "rmse": 0.627721877323068,
      "mass_violation": 0.03623492705449462
    },
    "harder-cnn+smcl": {
      "crps": 0.2951039373315871,
      "mae": 0.2951039373315871,
      "rmse": 0.5817388198321979,
      "mass_violation": 1.57285101886373e-06
    },
    "harder-gan+smcl": {
      "crps": 0.28348625591769816,
      "mae": 0.286565485175699,
      "rmse": 0.5539599885048327,
      "mass_violation": 1.1402891395846382e-06
    },
    "flow-wide96-amp (28M)": {
      "crps": 0.17212261804752052,
      "mae": 0.25132243482396005,
      "rmse": 0.45713527871374865,
      "mass_violation": 1.0295662650605664e-06
    },
    "flow-uniform-amp (13M)": {
      "crps": 0.17525061506591738,
      "mae": 0.25590295308083294,
      "rmse": 0.466192108554227,
      "mass_violation": 1.02920264180284e-06
    },
    "flow-logitnorm-ema (13M)": {
      "crps": 0.18146563855931164,
      "mae": 0.2658357538189739,
      "rmse": 0.5003473140846856,
      "mass_violation": 1.0273521766066552e-06
    },
    "flow-v2-zscore (13M)": {
      "crps": 0.17536086197383702,
      "mae": 0.2559224885646254,
      "rmse": 0.4673489188951283,
      "mass_violation": 1.0306536278221757e-06
    },
    "swinir-zeroshot": {
      "crps": 0.317347212303197,
      "mae": 0.317347212303197,
      "rmse": 0.6947210986153802,
      "mass_violation": 0.08183263823131565
    },
    "swinir-zeroshot+addcl": {
      "crps": 0.30240689237359913,
      "mae": 0.30240689237359913,
      "rmse": 0.6770721496374277,
      "mass_violation": 1.3599576315755257e-06
    },
    "swinir-finetuned": {
      "crps": 0.25785247775651515,
      "mae": 0.25785247775651515,
      "rmse": 0.5029392054420192,
      "mass_violation": 0.02401778961699456
    },
    "swinir-finetuned+addcl": {
      "crps": 0.25625650645447895,
      "mae": 0.25625650645447895,
      "rmse": 0.5015936620946289,
      "mass_violation": 1.354101248580264e-06
    }
  }
}