{
  "split": "test",
  "n_samples": 500,
  "n_ensemble": 10,
  "ode_steps": 10,
  "constraint": "addcl",
  "sampler": "midpoint",
  "results": {
    "bilinear": {
      "crps": 0.5190552573874593,
      "mae": 0.5190552573874593,
      "rmse": 0.9638957567867694,
      "mass_violation": 0.3202634982727468,
      "ralsd": 1.0851192382446724,
      "ssim": 0.9757582827487511,
      "psnr": 45.09376906286138,
      "emd": 0.08670978692698535
    },
    "bilinear+addcl": {
      "crps": 0.39912390176579354,
      "mae": 0.39912390176579354,
      "rmse": 0.8039930361685991,
      "mass_violation": 1.426805931259878e-06,
      "ralsd": 0.6200884571963683,
      "ssim": 0.9815351367981916,
      "psnr": 47.04332335184723,
      "emd": 0.02166524510199972
    },
    "bicubic": {
      "crps": 0.3939455929659307,
      "mae": 0.3939455929659307,
      "rmse": 0.7849459065630238,
      "mass_violation": 0.14924253835715354,
      "ralsd": 0.9004344829596549,
      "ssim": 0.9824725196110208,
      "psnr": 47.37975511987736,
      "emd": 0.0321607866152658
    },
    "bicubic+addcl": {
      "crps": 0.3626417892202735,
      "mae": 0.3626417892202735,
      "rmse": 0.7407717317429958,
      "mass_violation": 1.4078527747187764e-06,
      "ralsd": 0.701871093279536,
      "ssim": 0.9842688808204852,
      "psnr": 48.010433332499396,
      "emd": 0.013792508367754513
    },
    "swinir-zeroshot": {
      "crps": 0.3256543096974492,
      "mae": 0.3256543096974492,
      "rmse": 0.7024551893987697,
      "mass_violation": 0.08354249355010689,
      "ralsd": 0.2525723033655805,
      "ssim": 0.9868701498238368,
      "psnr": 49.04708718177345,
      "emd": 0.012905466302707148
    },
    "swinir-zeroshot+addcl": {
      "crps": 0.31059269793704153,
      "mae": 0.31059269793704153,
      "rmse": 0.684361440738698,
      "mass_violation": 1.4149100898066535e-06,
      "ralsd": 0.2797118868305608,
      "ssim": 0.9872922542622571,
      "psnr": 49.378554298665414,
      "emd": 0.006789292651627804
    },
    "swinir-finetuned": {
      "crps": 0.2649112215824425,
      "mae": 0.2649112215824425,
      "rmse": 0.5107910411252579,
      "mass_violation": 0.02466007374506444,
      "ralsd": 0.35144358472887804,
      "ssim": 0.991011441482688,
      "psnr": 51.16521852568214,
      "emd": 0.020875483476042747
    },
    "swinir-finetuned+addcl": {
      "crps": 0.2632454723790288,
      "mae": 0.2632454723790288,
      "rmse": 0.5094238949488124,
      "mass_violation": 1.4009352307766675e-06,
      "ralsd": 0.34306587242255354,
      "ssim": 0.9910345420709976,
      "psnr": 51.20699504988024,
      "emd": 0.005472781304850043
    },
    "harder-cnn": {
      "crps": 0.3129184155985713,
      "mae": 0.3129184155985713,
      "rmse": 0.627721877323068,
      "mass_violation": 0.03623492705449462,
      "ralsd": 0.5657613777458202,
      "ssim": 0.9876327526647356,
      "psnr": 49.46334247284247,
      "emd": 0.012870974454106527
    },
    "harder-cnn+smcl": {
      "crps": 0.2951039373315871,
      "mae": 0.2951039373315871,
      "rmse": 0.5817388198321979,
      "mass_violation": 1.57285101886373e-06,
      "ralsd": 0.488602251695601,
      "ssim": 0.9886992772655244,
      "psnr": 50.019415987993554,
      "emd": 0.008077754240195469
    },
    "harder-gan+smcl": {
      "crps": 0.2834881650023162,
      "mae": 0.28656810194253923,
      "rmse": 0.5539614940427698,
      "mass_violation": 1.1431902967160567e-06,
      "ralsd": 0.4569774295841046,
      "ssim": 0.9895743179239115,
      "psnr": 50.302118317097026,
      "emd": 0.00680135372705884
    },
    "flow-wide96-amp (28M)": {
      "crps": 0.17180597195401787,
      "mae": 0.25086008389480413,
      "rmse": 0.4561202181601325,
      "mass_violation": 1.02904143568594e-06,
      "ralsd": 0.18615913406018333,
      "ssim": 0.9925192087771463,
      "psnr": 51.62178603291289,
      "emd": 0.003221204539015047
    },
    "flow-uniform-amp (13M)": {
      "crps": 0.17545380675606428,
      "mae": 0.25640585466474297,
      "rmse": 0.46724136451119563,
      "mass_violation": 1.0275057284161449e-06,
      "ralsd": 0.2190399437017826,
      "ssim": 0.9921294113271613,
      "psnr": 51.42603262852807,
      "emd": 0.0038046932836030313
    },
    "flow-logitnorm-ema (13M)": {
      "crps": 0.18116559306904673,
      "mae": 0.2653311063852161,
      "rmse": 0.49896854753915565,
      "mass_violation": 1.0269285412505269e-06,
      "ralsd": 0.2853369826958163,
      "ssim": 0.9914161251932022,
      "psnr": 51.08577636288985,
      "emd": 0.004588093960710154
    },
    "flow-v2-zscore (13M)": {
      "crps": 0.17546175681054593,
      "mae": 0.2562109920810908,
      "rmse": 0.4674279211542222,
      "mass_violation": 1.0336611594539135e-06,
      "ralsd": 0.20923291749184236,
      "ssim": 0.9921443027643042,
      "psnr": 51.4176408505673,
      "emd": 0.0037030850359890855
    }
  }
}