{
  "split": "test",
  "n_samples": 500,
  "n_ensemble": 10,
  "ode_steps": 10,
  "constraint": "addcl",
  "sampler": "midpoint",
  "results": {
    "bilinear": {
      "crps": 0.5190552573874593,
      "mae": 0.5190552573874593,
      "rmse": 0.9638957567867694,
      "mass_violation": 0.3202634982727468
    },
    "bilinear+addcl": {
      "crps": 0.39912390176579354,
      "mae": 0.39912390176579354,
      "rmse": 0.8039930361685991,
      "mass_violation": 1.426805931259878e-06
    },
    "bicubic": {
      "crps": 0.3939455929659307,
      "mae": 0.3939455929659307,
      "rmse": 0.7849459065630238,
      "mass_violation": 0.14924253835715354
    },
    "bicubic+addcl": {
      "crps": 0.3626417892202735,
      "mae": 0.3626417892202735,
      "rmse": 0.7407717317429958,
      "mass_violation": 1.4078527747187764e-06
    },
    "flow-wide96-amp (28M)": {
      "crps": 0.1718771836422384,
      "mae": 0.25105244158580897,
      "rmse": 0.4563479547141981,
      "mass_violation": 1.0282524017384276e-06
    },
    "flow-uniform-amp (13M)": {
      "crps": 0.1755517515707761,
      "mae": 0.25640026343055067,
      "rmse": 0.46700548835504846,
      "mass_violation": 1.0248767939629034e-06
    },
    "flow-logitnorm-ema (13M)": {
      "crps": 0.1813702650591731,
      "mae": 0.26557632788084445,
      "rmse": 0.49871643877554106,
      "mass_violation": 1.0300451394869015e-06
    },
    "flow-v2-zscore (13M)": {
      "crps": 0.17540272095426918,
      "mae": 0.25602234770357607,
      "rmse": 0.46683125920467144,
      "mass_violation": 1.0305102623533458e-06
    }
  }
}