{
  "dataset": "noresm",
  "variable": "tas",
  "upsampling_factor": 2,
  "split": "test",
  "n_samples": 500,
  "n_ensemble": 10,
  "ode_steps": 10,
  "constraint": "none",
  "sampler": "midpoint",
  "results": {
    "bilinear": {
      "crps": 1.4725148794054985,
      "mae": 1.4725148794054985,
      "rmse": 2.307101211378397,
      "mass_violation": 0.1623529232144356,
      "ralsd": 0.33555152895294516,
      "ssim": 0.9617271058810147,
      "psnr": 35.04055459463063,
      "emd": 0.48969364412128924
    },
    "bilinear+addcl": {
      "crps": 1.4779392062425614,
      "mae": 1.4779392062425614,
      "rmse": 2.323240912393394,
      "mass_violation": 7.1877539157867435e-06,
      "ralsd": 0.31470445918676543,
      "ssim": 0.9620862140038609,
      "psnr": 35.026868637423625,
      "emd": 0.49949454953521477
    },
    "bicubic": {
      "crps": 1.4765968937873841,
      "mae": 1.4765968937873841,
      "rmse": 2.3187210694407883,
      "mass_violation": 0.061014754325151445,
      "ralsd": 0.3241894023960414,
      "ssim": 0.9625044803499131,
      "psnr": 35.04787663814372,
      "emd": 0.5004173754081129
    },
    "bicubic+addcl": {
      "crps": 1.4794158713817596,
      "mae": 1.4794158713817596,
      "rmse": 2.3252717355395767,
      "mass_violation": 7.318437099456787e-06,
      "ralsd": 0.3152305181576289,
      "ssim": 0.962144771082731,
      "psnr": 35.02904652659381,
      "emd": 0.500392212472856
    },
    "swinir-zeroshot": {
      "crps": 1.4752883750200272,
      "mae": 1.4752883750200272,
      "rmse": 2.323859190817369,
      "mass_violation": 0.06716303282976151,
      "ralsd": 0.29841142613126254,
      "ssim": 0.9617115986517624,
      "psnr": 35.01392227797804,
      "emd": 0.48736562577635045
    },
    "swinir-zeroshot+addcl": {
      "crps": 1.478364205479622,
      "mae": 1.478364205479622,
      "rmse": 2.324362275495726,
      "mass_violation": 7.141709327697754e-06,
      "ralsd": 0.30848507609623493,
      "ssim": 0.9624816482562155,
      "psnr": 35.03023690187934,
      "emd": 0.4993403550162912
    },
    "swinir-finetuned": {
      "crps": 0.9880283141136169,
      "mae": 0.9880283141136169,
      "rmse": 1.5336913810178603,
      "mass_violation": 1.0645843521356582,
      "ralsd": 0.043301740930296775,
      "ssim": 0.9863939480377318,
      "psnr": 38.718747552723826,
      "emd": 0.29543947423249484
    },
    "swinir-finetuned+addcl": {
      "crps": 1.4549768769741058,
      "mae": 1.4549768769741058,
      "rmse": 2.278966464743536,
      "mass_violation": 6.8554878234863284e-06,
      "ralsd": 0.31834499023863855,
      "ssim": 0.9669715138713174,
      "psnr": 35.26614264136966,
      "emd": 0.4992327389121055
    },
    "harder-cnn": {
      "crps": 1.1314903579950333,
      "mae": 1.1314903579950333,
      "rmse": 1.6944602379664326,
      "mass_violation": 0.9425135546922684,
      "ralsd": 0.08009932463804123,
      "ssim": 0.9781585690527056,
      "psnr": 37.419722410763214,
      "emd": 0.28421568846702583
    },
    "harder-cnn+smcl": {
      "crps": 1.4534763303995133,
      "mae": 1.4534763303995133,
      "rmse": 2.2766642378889643,
      "mass_violation": 4.522442817687988e-06,
      "ralsd": 0.3163811068806889,
      "ssim": 0.9675566392185327,
      "psnr": 35.28273696798708,
      "emd": 0.49926632024347783
    },
    "harder-gan+smcl": {
      "crps": 1.4809158506393432,
      "mae": 1.5035103871822357,
      "rmse": 2.3450754456797545,
      "mass_violation": 1.1892139911651611e-05,
      "ralsd": 0.37575144337203015,
      "ssim": 0.9564099540721472,
      "psnr": 34.73798995221703,
      "emd": 0.4979047966971991
    },
    "flow-wide96-amp (28M)": {
      "crps": 0.6492354790866375,
      "mae": 0.9645258094072342,
      "rmse": 1.5144907727701893,
      "mass_violation": 1.129642710030079,
      "ralsd": 0.02978188663650455,
      "ssim": 0.9890917763147747,
      "psnr": 38.99787855426212,
      "emd": 0.17395840726792808
    }
  }
}