{
  "dataset": "noresm",
  "variable": "tas",
  "upsampling_factor": 2,
  "split": "test",
  "n_samples": 500,
  "n_ensemble": 10,
  "ode_steps": 10,
  "constraint": "none",
  "sampler": "midpoint",
  "results": {
    "bilinear": {
      "crps": 1.4725148794054985,
      "mae": 1.4725148794054985,
      "rmse": 2.307101211378397,
      "mass_violation": 0.1623529232144356
    },
    "bilinear+addcl": {
      "crps": 1.4779392062425614,
      "mae": 1.4779392062425614,
      "rmse": 2.323240912393394,
      "mass_violation": 7.1877539157867435e-06
    },
    "bicubic": {
      "crps": 1.4765968937873841,
      "mae": 1.4765968937873841,
      "rmse": 2.3187210694407883,
      "mass_violation": 0.061014754325151445
    },
    "bicubic+addcl": {
      "crps": 1.4794158713817596,
      "mae": 1.4794158713817596,
      "rmse": 2.3252717355395767,
      "mass_violation": 7.318437099456787e-06
    },
    "swinir-zeroshot": {
      "crps": 1.4752883750200272,
      "mae": 1.4752883750200272,
      "rmse": 2.323859190817369,
      "mass_violation": 0.06716303282976151
    },
    "swinir-zeroshot+addcl": {
      "crps": 1.478364205479622,
      "mae": 1.478364205479622,
      "rmse": 2.324362275495726,
      "mass_violation": 7.141709327697754e-06
    },
    "swinir-finetuned": {
      "crps": 0.9880283141136169,
      "mae": 0.9880283141136169,
      "rmse": 1.5336913810178603,
      "mass_violation": 1.0645843521356582
    },
    "swinir-finetuned+addcl": {
      "crps": 1.4549768769741058,
      "mae": 1.4549768769741058,
      "rmse": 2.278966464743536,
      "mass_violation": 6.8554878234863284e-06
    },
    "harder-cnn": {
      "crps": 1.1314903579950333,
      "mae": 1.1314903579950333,
      "rmse": 1.6944602379664326,
      "mass_violation": 0.9425135546922684
    },
    "harder-cnn+smcl": {
      "crps": 1.4534763303995133,
      "mae": 1.4534763303995133,
      "rmse": 2.2766642378889643,
      "mass_violation": 4.522442817687988e-06
    },
    "harder-gan+smcl": {
      "crps": 1.4808549665212631,
      "mae": 1.5034500390291214,
      "rmse": 2.344871663539841,
      "mass_violation": 1.188543438911438e-05
    },
    "flow-wide96-amp (28M)": {
      "crps": 0.6485535832047462,
      "mae": 0.9669381269216537,
      "rmse": 1.5130353070276459,
      "mass_violation": 1.118547139108181
    }
  }
}