{
  "timestamp": "2026-05-08 20:26:02",
  "config": {
    "max_samples": null,
    "n_ensemble": 10,
    "ode_steps": 10,
    "sampler": "midpoint"
  },
  "results": [
    {
      "method": "bilinear",
      "constraint": "none",
      "crps": 0.5064630329182371,
      "crps_paper": 0.5064630329182371,
      "mae": 0.5064630329182371,
      "rmse": 0.9486610324061345,
      "mass_violation": 0.3139694005201571,
      "spread": 0.0,
      "n_samples": 10000,
      "n_ensemble": 1
    },
    {
      "method": "bilinear",
      "constraint": "addcl",
      "crps": 0.38878178780870515,
      "crps_paper": 0.38878178780870515,
      "mae": 0.38878178780870515,
      "rmse": 0.7910864910130824,
      "mass_violation": 1.3779910023004048e-06,
      "spread": 0.0,
      "n_samples": 10000,
      "n_ensemble": 1
    },
    {
      "method": "bicubic",
      "constraint": "none",
      "crps": 0.38377550552356987,
      "crps_paper": 0.38377550552356987,
      "mae": 0.38377550552356987,
      "rmse": 0.7716459306143146,
      "mass_violation": 0.14584660299336538,
      "spread": 0.0,
      "n_samples": 10000,
      "n_ensemble": 1
    },
    {
      "method": "bicubic",
      "constraint": "addcl",
      "crps": 0.3533413469088264,
      "crps_paper": 0.3533413469088264,
      "mae": 0.3533413469088264,
      "rmse": 0.7283078562941748,
      "mass_violation": 1.3557209400460125e-06,
      "spread": 0.0,
      "n_samples": 10000,
      "n_ensemble": 1
    }
  ]
}